name;phone;email;country;createdAt
Kyla Hatfield;1-850-146-9767;ut.cursus@protonmail.com;Germany;15-03-2023 10:40:58
Serena Byrd;(942) 936-0692;enim@google.couk;Brazil;15-03-2023 10:40:58
Shellie Dorsey;(174) 839-1256;ultrices@aol.com;Russian Federation;15-03-2023 10:40:58
Paul Jennings;1-863-688-6485;vulputate@aol.couk;Mexico;15-03-2023 10:40:58
Quintessa Munoz;1-754-670-7907;nunc.sed@yahoo.ca;India;15-03-2023 10:40:58
Ali Castaneda;1-437-215-2188;consectetuer.euismod.est@icloud.ca;New Zealand;15-03-2023 10:40:58
Raja Eaton;(630) 859-6562;massa.suspendisse@aol.edu;Belgium;15-03-2023 10:40:58
Matthew Houston;1-340-270-8985;duis.a@hotmail.ca;India;15-03-2023 10:40:58
Xenos James;1-158-696-8115;sed@yahoo.couk;United Kingdom;15-03-2023 10:40:58
Zelenia Lee;(423) 804-2224;scelerisque.scelerisque@aol.com;France;15-03-2023 10:40:58
Ivor Howe;(237) 201-4838;urna@protonmail.couk;South Africa;15-03-2023 10:40:58
Zena Stein;(670) 631-3747;ultrices@aol.edu;New Zealand;15-03-2023 10:40:58
Medge Workman;(169) 413-0230;blandit@hotmail.com;India;15-03-2023 10:40:58
Todd Patterson;(484) 818-6886;vel.arcu@google.net;Brazil;15-03-2023 10:40:58
Nyssa Vaughan;(300) 960-0633;urna.nec@hotmail.org;India;15-03-2023 10:40:58
Ivan Hammond;(218) 534-6016;magna@yahoo.net;China;15-03-2023 10:40:58
Ginger Potts;(847) 216-8712;amet.orci@hotmail.ca;Peru;15-03-2023 10:40:58
Pascale Mooney;1-510-544-2631;non.dui.nec@protonmail.org;Costa Rica;15-03-2023 10:40:58
Zeph Mercado;(235) 436-4982;risus.donec@yahoo.edu;France;15-03-2023 10:40:58
Zena Coleman;1-867-815-6023;amet@aol.net;Italy;15-03-2023 10:40:58
Erich Nelson;1-405-362-9263;non.lobortis.quis@outlook.edu;Canada;15-03-2023 10:40:58
Lucian Greer;(314) 811-5431;mauris.ipsum.porta@yahoo.couk;Costa Rica;15-03-2023 10:40:58
Jennifer Burris;1-745-927-7736;nec.urna.et@protonmail.ca;Ukraine;15-03-2023 10:40:58
Macon Mendoza;(272) 863-8266;gravida.sit@google.org;Chile;15-03-2023 10:40:58
Pandora Short;1-414-586-6653;sit.amet@yahoo.com;Indonesia;15-03-2023 10:40:58
Whoopi Berg;1-894-231-7385;mus.proin@protonmail.net;Italy;15-03-2023 10:40:58
Ava Sims;(582) 669-5511;gravida.sagittis.duis@aol.org;Chile;15-03-2023 10:40:58
Denise Mercado;(783) 764-2629;fames.ac@aol.couk;Peru;15-03-2023 10:40:58
Victoria Rodriguez;1-141-576-1411;lectus.quis@google.com;South Africa;15-03-2023 10:40:58
Caleb Oliver;(817) 656-9434;consequat.dolor@protonmail.org;Belgium;15-03-2023 10:40:58
Lucy Bell;1-771-934-1766;cursus.nunc@icloud.net;Italy;15-03-2023 10:40:58
Odysseus Booker;(226) 679-3503;ornare.tortor@yahoo.org;Peru;15-03-2023 10:40:58
Indigo Solomon;1-958-812-7519;urna@hotmail.couk;Nigeria;15-03-2023 10:40:58
Echo Dodson;(475) 638-0104;ac@google.edu;Costa Rica;15-03-2023 10:40:58
Burke Maddox;(722) 888-5425;tempus.mauris.erat@protonmail.ca;Ireland;15-03-2023 10:40:58
Todd Gutierrez;1-766-722-9992;orci.ut@google.couk;Belgium;15-03-2023 10:40:58
Rebekah Miller;(720) 315-6136;in.aliquet@outlook.com;Costa Rica;15-03-2023 10:40:58
Melinda Knox;(539) 436-2671;ipsum.dolor@outlook.net;South Africa;15-03-2023 10:40:58
Fletcher Baker;1-373-334-9719;tincidunt@outlook.org;Mexico;15-03-2023 10:40:58
Keith Mooney;1-742-889-4188;fermentum.fermentum@outlook.com;Spain;15-03-2023 10:40:58
Harlan Crosby;(826) 129-5714;turpis.egestas.fusce@aol.org;Philippines;15-03-2023 10:40:58
Abbot Jensen;(515) 314-1495;semper.nam@hotmail.org;Chile;15-03-2023 10:40:58
Hashim Lang;(274) 232-3572;euismod.urna.nullam@hotmail.com;South Africa;15-03-2023 10:40:58
Lael Hansen;(914) 415-8533;velit.pellentesque@hotmail.org;Norway;15-03-2023 10:40:58
Regina Jordan;1-355-701-4406;ultrices@outlook.edu;United Kingdom;15-03-2023 10:40:58
Odette Vazquez;1-803-987-8454;nulla.eu@hotmail.net;Ukraine;15-03-2023 10:40:58
Connor Torres;1-858-453-1553;auctor.quis@hotmail.com;Peru;15-03-2023 10:40:58
Bradley Hodge;1-358-502-3838;a.magna@google.com;Costa Rica;15-03-2023 10:40:58
Desiree French;(514) 267-5748;integer.sem@yahoo.org;Sweden;15-03-2023 10:40:58
Warren Huff;1-356-257-4593;nunc@outlook.com;Russian Federation;15-03-2023 10:40:58
Daquan Becker;1-733-476-9246;et.arcu@outlook.com;Australia;15-03-2023 10:40:58
Sybill Gilliam;(910) 225-2199;vitae.semper.egestas@outlook.net;Nigeria;15-03-2023 10:40:58
Lacy Reilly;(427) 963-2771;nisi@hotmail.edu;Nigeria;15-03-2023 10:40:58
Akeem Tyson;(516) 363-0588;non.dui@google.com;United States;15-03-2023 10:40:58
Sonya Hopper;(266) 466-5563;sociis.natoque@hotmail.com;United Kingdom;15-03-2023 10:40:58
Jael Gomez;(652) 361-4037;in.faucibus@hotmail.com;Pakistan;15-03-2023 10:40:58
Melyssa Patel;1-452-161-1165;accumsan.neque@aol.edu;Norway;15-03-2023 10:40:58
Charles Daniels;1-177-101-3738;magna.sed.dui@hotmail.edu;Spain;15-03-2023 10:40:59
Hayes Dean;(787) 478-2422;semper.pretium@hotmail.org;Colombia;15-03-2023 10:40:59
Kieran Rocha;(693) 192-6976;sodales.nisi@outlook.edu;Indonesia;15-03-2023 10:40:59
Olga Workman;(266) 360-9951;enim.condimentum@aol.com;Australia;15-03-2023 10:40:59
Myles Davenport;1-815-761-3278;vulputate.eu@aol.com;Austria;15-03-2023 10:40:59
Wendy Bradford;1-873-362-6131;mauris@outlook.com;Brazil;15-03-2023 10:40:59
Avram Odom;1-388-598-8713;gravida.mauris.ut@outlook.com;South Africa;15-03-2023 10:40:59
Wynne Bennett;1-325-359-0530;mi.eleifend@protonmail.ca;Costa Rica;15-03-2023 10:40:59
Orlando Case;1-224-754-8728;tellus.imperdiet.non@yahoo.net;Nigeria;15-03-2023 10:40:59
Steel Wright;1-416-255-2815;volutpat.nunc.sit@google.com;Singapore;15-03-2023 10:40:59
Malik Wilcox;(234) 222-6662;est.mauris.eu@icloud.net;Pakistan;15-03-2023 10:40:59
Lucy Potts;(536) 434-2534;primis.in.faucibus@icloud.ca;China;15-03-2023 10:40:59
Arden Gordon;(985) 496-5667;quam.dignissim.pharetra@yahoo.couk;Ukraine;15-03-2023 10:40:59
Ann Gill;(625) 543-8227;magna.cras@icloud.net;South Africa;15-03-2023 10:40:59
Roary Skinner;(327) 451-7768;nisl.quisque@icloud.edu;India;15-03-2023 10:40:59
Hunter Hooper;(988) 637-4176;fermentum.fermentum@protonmail.edu;Austria;15-03-2023 10:40:59
Chava Colon;(544) 956-3211;sed.sapien@hotmail.ca;Pakistan;15-03-2023 10:40:59
Louis Finley;1-729-478-2810;donec@yahoo.net;Indonesia;15-03-2023 10:40:59
Eric Weeks;(766) 444-2857;porttitor.scelerisque.neque@hotmail.com;Indonesia;15-03-2023 10:40:59
Lila Alston;1-637-768-5067;enim@yahoo.org;Costa Rica;15-03-2023 10:40:59
Eliana Vang;1-978-371-4371;fames.ac@google.ca;Norway;15-03-2023 10:40:59
Hammett Crosby;(149) 719-8751;nisl@aol.edu;Ireland;15-03-2023 10:40:59
Chandler Reynolds;1-536-857-6751;faucibus.morbi.vehicula@hotmail.net;Pakistan;15-03-2023 10:40:59
Ori Griffin;1-826-956-1905;nostra.per.inceptos@outlook.edu;Australia;15-03-2023 10:40:59
Beatrice Baldwin;1-858-987-6967;tortor.integer@hotmail.ca;South Africa;15-03-2023 10:40:59
Shafira Contreras;(837) 380-3302;pharetra.ut@google.ca;Turkey;15-03-2023 10:40:59
Cassady Blanchard;(645) 252-4164;aptent.taciti@protonmail.couk;India;15-03-2023 10:40:59
Emerson Preston;1-313-694-3505;malesuada.augue@outlook.net;Costa Rica;15-03-2023 10:40:59
Sylvester Potter;1-362-792-6952;cras.dictum@aol.edu;Indonesia;15-03-2023 10:40:59
Kaitlin Joyce;1-877-447-4951;et.tristique.pellentesque@outlook.org;South Africa;15-03-2023 10:40:59
Oprah Delacruz;1-690-872-0837;ac.urna@yahoo.org;Sweden;15-03-2023 10:40:59
Michelle Guthrie;(970) 471-8975;proin.dolor@hotmail.net;Spain;15-03-2023 10:40:59
Ray Mack;(749) 760-2230;sagittis.augue@aol.com;Sweden;15-03-2023 10:40:59
Chester Jefferson;(385) 185-8789;eleifend.non.dapibus@outlook.couk;United Kingdom;15-03-2023 10:40:59
Kyla Hatfield;1-850-146-9767;ut.cursus@protonmail.com;Germany;15-03-2023 11:40:05
Serena Byrd;(942) 936-0692;enim@google.couk;Brazil;15-03-2023 11:40:05
Shellie Dorsey;(174) 839-1256;ultrices@aol.com;Russian Federation;15-03-2023 11:40:05
Paul Jennings;1-863-688-6485;vulputate@aol.couk;Mexico;15-03-2023 11:40:05
Quintessa Munoz;1-754-670-7907;nunc.sed@yahoo.ca;India;15-03-2023 11:40:05
Ali Castaneda;1-437-215-2188;consectetuer.euismod.est@icloud.ca;New Zealand;15-03-2023 11:40:05
Raja Eaton;(630) 859-6562;massa.suspendisse@aol.edu;Belgium;15-03-2023 11:40:05
Matthew Houston;1-340-270-8985;duis.a@hotmail.ca;India;15-03-2023 11:40:05
Xenos James;1-158-696-8115;sed@yahoo.couk;United Kingdom;15-03-2023 11:40:05
Zelenia Lee;(423) 804-2224;scelerisque.scelerisque@aol.com;France;15-03-2023 11:40:05
Ivor Howe;(237) 201-4838;urna@protonmail.couk;South Africa;15-03-2023 11:40:05
Zena Stein;(670) 631-3747;ultrices@aol.edu;New Zealand;15-03-2023 11:40:05
Medge Workman;(169) 413-0230;blandit@hotmail.com;India;15-03-2023 11:40:05
Todd Patterson;(484) 818-6886;vel.arcu@google.net;Brazil;15-03-2023 11:40:05
Nyssa Vaughan;(300) 960-0633;urna.nec@hotmail.org;India;15-03-2023 11:40:05
Ivan Hammond;(218) 534-6016;magna@yahoo.net;China;15-03-2023 11:40:05
Ginger Potts;(847) 216-8712;amet.orci@hotmail.ca;Peru;15-03-2023 11:40:05
Pascale Mooney;1-510-544-2631;non.dui.nec@protonmail.org;Costa Rica;15-03-2023 11:40:05
Zeph Mercado;(235) 436-4982;risus.donec@yahoo.edu;France;15-03-2023 11:40:05
Zena Coleman;1-867-815-6023;amet@aol.net;Italy;15-03-2023 11:40:05
Erich Nelson;1-405-362-9263;non.lobortis.quis@outlook.edu;Canada;15-03-2023 11:40:05
Lucian Greer;(314) 811-5431;mauris.ipsum.porta@yahoo.couk;Costa Rica;15-03-2023 11:40:05
Jennifer Burris;1-745-927-7736;nec.urna.et@protonmail.ca;Ukraine;15-03-2023 11:40:05
Macon Mendoza;(272) 863-8266;gravida.sit@google.org;Chile;15-03-2023 11:40:05
Pandora Short;1-414-586-6653;sit.amet@yahoo.com;Indonesia;15-03-2023 11:40:05
Whoopi Berg;1-894-231-7385;mus.proin@protonmail.net;Italy;15-03-2023 11:40:06
Ava Sims;(582) 669-5511;gravida.sagittis.duis@aol.org;Chile;15-03-2023 11:40:06
Denise Mercado;(783) 764-2629;fames.ac@aol.couk;Peru;15-03-2023 11:40:06
Victoria Rodriguez;1-141-576-1411;lectus.quis@google.com;South Africa;15-03-2023 11:40:06
Caleb Oliver;(817) 656-9434;consequat.dolor@protonmail.org;Belgium;15-03-2023 11:40:06
Lucy Bell;1-771-934-1766;cursus.nunc@icloud.net;Italy;15-03-2023 11:40:06
Odysseus Booker;(226) 679-3503;ornare.tortor@yahoo.org;Peru;15-03-2023 11:40:06
Indigo Solomon;1-958-812-7519;urna@hotmail.couk;Nigeria;15-03-2023 11:40:06
Echo Dodson;(475) 638-0104;ac@google.edu;Costa Rica;15-03-2023 11:40:06
Burke Maddox;(722) 888-5425;tempus.mauris.erat@protonmail.ca;Ireland;15-03-2023 11:40:06
Todd Gutierrez;1-766-722-9992;orci.ut@google.couk;Belgium;15-03-2023 11:40:06
Rebekah Miller;(720) 315-6136;in.aliquet@outlook.com;Costa Rica;15-03-2023 11:40:06
Melinda Knox;(539) 436-2671;ipsum.dolor@outlook.net;South Africa;15-03-2023 11:40:06
Fletcher Baker;1-373-334-9719;tincidunt@outlook.org;Mexico;15-03-2023 11:40:06
Keith Mooney;1-742-889-4188;fermentum.fermentum@outlook.com;Spain;15-03-2023 11:40:06
Harlan Crosby;(826) 129-5714;turpis.egestas.fusce@aol.org;Philippines;15-03-2023 11:40:06
Abbot Jensen;(515) 314-1495;semper.nam@hotmail.org;Chile;15-03-2023 11:40:06
Hashim Lang;(274) 232-3572;euismod.urna.nullam@hotmail.com;South Africa;15-03-2023 11:40:06
Lael Hansen;(914) 415-8533;velit.pellentesque@hotmail.org;Norway;15-03-2023 11:40:06
Regina Jordan;1-355-701-4406;ultrices@outlook.edu;United Kingdom;15-03-2023 11:40:06
Odette Vazquez;1-803-987-8454;nulla.eu@hotmail.net;Ukraine;15-03-2023 11:40:06
Connor Torres;1-858-453-1553;auctor.quis@hotmail.com;Peru;15-03-2023 11:40:06
Bradley Hodge;1-358-502-3838;a.magna@google.com;Costa Rica;15-03-2023 11:40:06
Desiree French;(514) 267-5748;integer.sem@yahoo.org;Sweden;15-03-2023 11:40:06
Warren Huff;1-356-257-4593;nunc@outlook.com;Russian Federation;15-03-2023 11:40:06
Daquan Becker;1-733-476-9246;et.arcu@outlook.com;Australia;15-03-2023 11:40:06
Sybill Gilliam;(910) 225-2199;vitae.semper.egestas@outlook.net;Nigeria;15-03-2023 11:40:06
Lacy Reilly;(427) 963-2771;nisi@hotmail.edu;Nigeria;15-03-2023 11:40:06
Akeem Tyson;(516) 363-0588;non.dui@google.com;United States;15-03-2023 11:40:06
Sonya Hopper;(266) 466-5563;sociis.natoque@hotmail.com;United Kingdom;15-03-2023 11:40:06
Jael Gomez;(652) 361-4037;in.faucibus@hotmail.com;Pakistan;15-03-2023 11:40:06
Melyssa Patel;1-452-161-1165;accumsan.neque@aol.edu;Norway;15-03-2023 11:40:06
Charles Daniels;1-177-101-3738;magna.sed.dui@hotmail.edu;Spain;15-03-2023 11:40:06
Hayes Dean;(787) 478-2422;semper.pretium@hotmail.org;Colombia;15-03-2023 11:40:06
Kieran Rocha;(693) 192-6976;sodales.nisi@outlook.edu;Indonesia;15-03-2023 11:40:06
Olga Workman;(266) 360-9951;enim.condimentum@aol.com;Australia;15-03-2023 11:40:06
Myles Davenport;1-815-761-3278;vulputate.eu@aol.com;Austria;15-03-2023 11:40:06
Wendy Bradford;1-873-362-6131;mauris@outlook.com;Brazil;15-03-2023 11:40:06
Avram Odom;1-388-598-8713;gravida.mauris.ut@outlook.com;South Africa;15-03-2023 11:40:06
Wynne Bennett;1-325-359-0530;mi.eleifend@protonmail.ca;Costa Rica;15-03-2023 11:40:06
Orlando Case;1-224-754-8728;tellus.imperdiet.non@yahoo.net;Nigeria;15-03-2023 11:40:06
Steel Wright;1-416-255-2815;volutpat.nunc.sit@google.com;Singapore;15-03-2023 11:40:06
Malik Wilcox;(234) 222-6662;est.mauris.eu@icloud.net;Pakistan;15-03-2023 11:40:06
Lucy Potts;(536) 434-2534;primis.in.faucibus@icloud.ca;China;15-03-2023 11:40:06
Arden Gordon;(985) 496-5667;quam.dignissim.pharetra@yahoo.couk;Ukraine;15-03-2023 11:40:06
Ann Gill;(625) 543-8227;magna.cras@icloud.net;South Africa;15-03-2023 11:40:06
Roary Skinner;(327) 451-7768;nisl.quisque@icloud.edu;India;15-03-2023 11:40:06
Hunter Hooper;(988) 637-4176;fermentum.fermentum@protonmail.edu;Austria;15-03-2023 11:40:06
Chava Colon;(544) 956-3211;sed.sapien@hotmail.ca;Pakistan;15-03-2023 11:40:07
Louis Finley;1-729-478-2810;donec@yahoo.net;Indonesia;15-03-2023 11:40:07
Eric Weeks;(766) 444-2857;porttitor.scelerisque.neque@hotmail.com;Indonesia;15-03-2023 11:40:07
Lila Alston;1-637-768-5067;enim@yahoo.org;Costa Rica;15-03-2023 11:40:07
Eliana Vang;1-978-371-4371;fames.ac@google.ca;Norway;15-03-2023 11:40:07
Hammett Crosby;(149) 719-8751;nisl@aol.edu;Ireland;15-03-2023 11:40:07
Chandler Reynolds;1-536-857-6751;faucibus.morbi.vehicula@hotmail.net;Pakistan;15-03-2023 11:40:07
Ori Griffin;1-826-956-1905;nostra.per.inceptos@outlook.edu;Australia;15-03-2023 11:40:07
Beatrice Baldwin;1-858-987-6967;tortor.integer@hotmail.ca;South Africa;15-03-2023 11:40:07
Shafira Contreras;(837) 380-3302;pharetra.ut@google.ca;Turkey;15-03-2023 11:40:07
Cassady Blanchard;(645) 252-4164;aptent.taciti@protonmail.couk;India;15-03-2023 11:40:07
Emerson Preston;1-313-694-3505;malesuada.augue@outlook.net;Costa Rica;15-03-2023 11:40:07
Sylvester Potter;1-362-792-6952;cras.dictum@aol.edu;Indonesia;15-03-2023 11:40:07
Kaitlin Joyce;1-877-447-4951;et.tristique.pellentesque@outlook.org;South Africa;15-03-2023 11:40:07
Oprah Delacruz;1-690-872-0837;ac.urna@yahoo.org;Sweden;15-03-2023 11:40:07
Michelle Guthrie;(970) 471-8975;proin.dolor@hotmail.net;Spain;15-03-2023 11:40:07
Ray Mack;(749) 760-2230;sagittis.augue@aol.com;Sweden;15-03-2023 11:40:07
Chester Jefferson;(385) 185-8789;eleifend.non.dapibus@outlook.couk;United Kingdom;15-03-2023 11:40:07
Kyla Hatfield;1-850-146-9767;ut.cursus@protonmail.com;Germany;15-03-2023 12:19:53
Serena Byrd;(942) 936-0692;enim@google.couk;Brazil;15-03-2023 12:19:53
Shellie Dorsey;(174) 839-1256;ultrices@aol.com;Russian Federation;15-03-2023 12:19:53
Paul Jennings;1-863-688-6485;vulputate@aol.couk;Mexico;15-03-2023 12:19:53
Quintessa Munoz;1-754-670-7907;nunc.sed@yahoo.ca;India;15-03-2023 12:19:53
Ali Castaneda;1-437-215-2188;consectetuer.euismod.est@icloud.ca;New Zealand;15-03-2023 12:19:53
Raja Eaton;(630) 859-6562;massa.suspendisse@aol.edu;Belgium;15-03-2023 12:19:53
Matthew Houston;1-340-270-8985;duis.a@hotmail.ca;India;15-03-2023 12:19:53
Xenos James;1-158-696-8115;sed@yahoo.couk;United Kingdom;15-03-2023 12:19:53
Zelenia Lee;(423) 804-2224;scelerisque.scelerisque@aol.com;France;15-03-2023 12:19:53
Ivor Howe;(237) 201-4838;urna@protonmail.couk;South Africa;15-03-2023 12:19:53
Zena Stein;(670) 631-3747;ultrices@aol.edu;New Zealand;15-03-2023 12:19:53
Medge Workman;(169) 413-0230;blandit@hotmail.com;India;15-03-2023 12:19:53
Todd Patterson;(484) 818-6886;vel.arcu@google.net;Brazil;15-03-2023 12:19:53
Nyssa Vaughan;(300) 960-0633;urna.nec@hotmail.org;India;15-03-2023 12:19:53
Ivan Hammond;(218) 534-6016;magna@yahoo.net;China;15-03-2023 12:19:53
Ginger Potts;(847) 216-8712;amet.orci@hotmail.ca;Peru;15-03-2023 12:19:53
Pascale Mooney;1-510-544-2631;non.dui.nec@protonmail.org;Costa Rica;15-03-2023 12:19:53
Zeph Mercado;(235) 436-4982;risus.donec@yahoo.edu;France;15-03-2023 12:19:53
Zena Coleman;1-867-815-6023;amet@aol.net;Italy;15-03-2023 12:19:53
Erich Nelson;1-405-362-9263;non.lobortis.quis@outlook.edu;Canada;15-03-2023 12:19:53
Lucian Greer;(314) 811-5431;mauris.ipsum.porta@yahoo.couk;Costa Rica;15-03-2023 12:19:53
Jennifer Burris;1-745-927-7736;nec.urna.et@protonmail.ca;Ukraine;15-03-2023 12:19:53
Macon Mendoza;(272) 863-8266;gravida.sit@google.org;Chile;15-03-2023 12:19:53
Pandora Short;1-414-586-6653;sit.amet@yahoo.com;Indonesia;15-03-2023 12:19:53
Whoopi Berg;1-894-231-7385;mus.proin@protonmail.net;Italy;15-03-2023 12:19:53
Ava Sims;(582) 669-5511;gravida.sagittis.duis@aol.org;Chile;15-03-2023 12:19:53
Denise Mercado;(783) 764-2629;fames.ac@aol.couk;Peru;15-03-2023 12:19:53
Victoria Rodriguez;1-141-576-1411;lectus.quis@google.com;South Africa;15-03-2023 12:19:53
Caleb Oliver;(817) 656-9434;consequat.dolor@protonmail.org;Belgium;15-03-2023 12:19:53
Lucy Bell;1-771-934-1766;cursus.nunc@icloud.net;Italy;15-03-2023 12:19:53
Odysseus Booker;(226) 679-3503;ornare.tortor@yahoo.org;Peru;15-03-2023 12:19:54
Indigo Solomon;1-958-812-7519;urna@hotmail.couk;Nigeria;15-03-2023 12:19:54
Echo Dodson;(475) 638-0104;ac@google.edu;Costa Rica;15-03-2023 12:19:54
Burke Maddox;(722) 888-5425;tempus.mauris.erat@protonmail.ca;Ireland;15-03-2023 12:19:54
Todd Gutierrez;1-766-722-9992;orci.ut@google.couk;Belgium;15-03-2023 12:19:54
Rebekah Miller;(720) 315-6136;in.aliquet@outlook.com;Costa Rica;15-03-2023 12:19:54
Melinda Knox;(539) 436-2671;ipsum.dolor@outlook.net;South Africa;15-03-2023 12:19:54
Fletcher Baker;1-373-334-9719;tincidunt@outlook.org;Mexico;15-03-2023 12:19:54
Keith Mooney;1-742-889-4188;fermentum.fermentum@outlook.com;Spain;15-03-2023 12:19:54
Harlan Crosby;(826) 129-5714;turpis.egestas.fusce@aol.org;Philippines;15-03-2023 12:19:54
Abbot Jensen;(515) 314-1495;semper.nam@hotmail.org;Chile;15-03-2023 12:19:54
Hashim Lang;(274) 232-3572;euismod.urna.nullam@hotmail.com;South Africa;15-03-2023 12:19:54
Lael Hansen;(914) 415-8533;velit.pellentesque@hotmail.org;Norway;15-03-2023 12:19:54
Regina Jordan;1-355-701-4406;ultrices@outlook.edu;United Kingdom;15-03-2023 12:19:54
Odette Vazquez;1-803-987-8454;nulla.eu@hotmail.net;Ukraine;15-03-2023 12:19:54
Connor Torres;1-858-453-1553;auctor.quis@hotmail.com;Peru;15-03-2023 12:19:54
Bradley Hodge;1-358-502-3838;a.magna@google.com;Costa Rica;15-03-2023 12:19:54
Desiree French;(514) 267-5748;integer.sem@yahoo.org;Sweden;15-03-2023 12:19:54
Warren Huff;1-356-257-4593;nunc@outlook.com;Russian Federation;15-03-2023 12:19:54
Daquan Becker;1-733-476-9246;et.arcu@outlook.com;Australia;15-03-2023 12:19:54
Sybill Gilliam;(910) 225-2199;vitae.semper.egestas@outlook.net;Nigeria;15-03-2023 12:19:54
Lacy Reilly;(427) 963-2771;nisi@hotmail.edu;Nigeria;15-03-2023 12:19:54
Akeem Tyson;(516) 363-0588;non.dui@google.com;United States;15-03-2023 12:19:54
Sonya Hopper;(266) 466-5563;sociis.natoque@hotmail.com;United Kingdom;15-03-2023 12:19:54
Jael Gomez;(652) 361-4037;in.faucibus@hotmail.com;Pakistan;15-03-2023 12:19:54
Melyssa Patel;1-452-161-1165;accumsan.neque@aol.edu;Norway;15-03-2023 12:19:54
Charles Daniels;1-177-101-3738;magna.sed.dui@hotmail.edu;Spain;15-03-2023 12:19:54
Hayes Dean;(787) 478-2422;semper.pretium@hotmail.org;Colombia;15-03-2023 12:19:54
Kieran Rocha;(693) 192-6976;sodales.nisi@outlook.edu;Indonesia;15-03-2023 12:19:54
Olga Workman;(266) 360-9951;enim.condimentum@aol.com;Australia;15-03-2023 12:19:54
Myles Davenport;1-815-761-3278;vulputate.eu@aol.com;Austria;15-03-2023 12:19:54
Wendy Bradford;1-873-362-6131;mauris@outlook.com;Brazil;15-03-2023 12:19:54
Avram Odom;1-388-598-8713;gravida.mauris.ut@outlook.com;South Africa;15-03-2023 12:19:54
Wynne Bennett;1-325-359-0530;mi.eleifend@protonmail.ca;Costa Rica;15-03-2023 12:19:54
Orlando Case;1-224-754-8728;tellus.imperdiet.non@yahoo.net;Nigeria;15-03-2023 12:19:54
Steel Wright;1-416-255-2815;volutpat.nunc.sit@google.com;Singapore;15-03-2023 12:19:54
Malik Wilcox;(234) 222-6662;est.mauris.eu@icloud.net;Pakistan;15-03-2023 12:19:54
Lucy Potts;(536) 434-2534;primis.in.faucibus@icloud.ca;China;15-03-2023 12:19:54
Arden Gordon;(985) 496-5667;quam.dignissim.pharetra@yahoo.couk;Ukraine;15-03-2023 12:19:54
Ann Gill;(625) 543-8227;magna.cras@icloud.net;South Africa;15-03-2023 12:19:54
Roary Skinner;(327) 451-7768;nisl.quisque@icloud.edu;India;15-03-2023 12:19:54
Hunter Hooper;(988) 637-4176;fermentum.fermentum@protonmail.edu;Austria;15-03-2023 12:19:54
Chava Colon;(544) 956-3211;sed.sapien@hotmail.ca;Pakistan;15-03-2023 12:19:54
Louis Finley;1-729-478-2810;donec@yahoo.net;Indonesia;15-03-2023 12:19:54
Eric Weeks;(766) 444-2857;porttitor.scelerisque.neque@hotmail.com;Indonesia;15-03-2023 12:19:54
Lila Alston;1-637-768-5067;enim@yahoo.org;Costa Rica;15-03-2023 12:19:54
Eliana Vang;1-978-371-4371;fames.ac@google.ca;Norway;15-03-2023 12:19:54
Hammett Crosby;(149) 719-8751;nisl@aol.edu;Ireland;15-03-2023 12:19:54
Chandler Reynolds;1-536-857-6751;faucibus.morbi.vehicula@hotmail.net;Pakistan;15-03-2023 12:19:54
Ori Griffin;1-826-956-1905;nostra.per.inceptos@outlook.edu;Australia;15-03-2023 12:19:54
Beatrice Baldwin;1-858-987-6967;tortor.integer@hotmail.ca;South Africa;15-03-2023 12:19:55
Shafira Contreras;(837) 380-3302;pharetra.ut@google.ca;Turkey;15-03-2023 12:19:55
Cassady Blanchard;(645) 252-4164;aptent.taciti@protonmail.couk;India;15-03-2023 12:19:55
Emerson Preston;1-313-694-3505;malesuada.augue@outlook.net;Costa Rica;15-03-2023 12:19:55
Sylvester Potter;1-362-792-6952;cras.dictum@aol.edu;Indonesia;15-03-2023 12:19:55
Kaitlin Joyce;1-877-447-4951;et.tristique.pellentesque@outlook.org;South Africa;15-03-2023 12:19:55
Oprah Delacruz;1-690-872-0837;ac.urna@yahoo.org;Sweden;15-03-2023 12:19:55
Michelle Guthrie;(970) 471-8975;proin.dolor@hotmail.net;Spain;15-03-2023 12:19:55
Ray Mack;(749) 760-2230;sagittis.augue@aol.com;Sweden;15-03-2023 12:19:55
Chester Jefferson;(385) 185-8789;eleifend.non.dapibus@outlook.couk;United Kingdom;15-03-2023 12:19:55
